file,timestamp,variant,latency_mode,prefix_caching_enabled,concurrency,pp,tg,n,mean,median,std,min,max
flashqla-hkv-chat-20260506-1536.summary.json,,flashqla-hkv-chat-20260506-1536.summary,,,,,,0,,,,,
flashqla-hkv-correctness-timing-20260506-152738.json,,flashqla-hkv-correctness-timing-20260506-152738,,,,,,0,,,,,
flashqla-hkv-state-propagation-canonical-20260506-153109.json,,flashqla-hkv-state-propagation-canonical-20260506-153109,,,,,,0,,,,,
result-20260508-105427-mbt4096.json,2026-05-08 18:01:02Z,mbt4096,api,False,1,2048,32,5,2831.380323048769,2820.70434470494,154.18345638376988,2613.51717828917,3083.2154070417187
result-20260508-110349-fusedo.json,2026-05-08 18:10:17Z,fusedo,api,False,1,2048,32,4,2744.5167932982695,2777.4170263730202,153.22111152202675,2502.8194946694116,2920.4136257776267
result-20260508-111118-ppscan-pp1024.json,2026-05-08 18:19:41Z,ppscan-pp1024,api,False,1,1024,32,5,2778.0755136999296,2765.1906512083415,40.9467175931382,2738.062980144965,2855.8718692120497
result-20260508-111118-ppscan-pp1536.json,2026-05-08 18:18:02Z,ppscan-pp1536,api,False,1,1536,32,5,2655.202451242966,2730.185202023978,122.98260361968579,2444.3660803481866,2770.3176942378473
result-20260508-112029-locked3003.json,2026-05-08 18:22:11Z,locked3003,api,False,1,2048,32,5,3018.2011122741633,3016.2825792822873,16.598204056583185,2997.426333719709,3046.7185871155625
result-20260508-113015-nochunk.json,2026-05-08 18:35:58Z,nochunk,api,False,1,2048,32,5,3110.14874943947,3110.55988133815,7.350504290269634,3101.6355673733674,3122.3175643361055
result-20260508-115520-skipunusedo.json,2026-05-08 19:00:47Z,skipunusedo,api,False,1,2048,32,5,3128.5960868889647,3128.086913285629,6.595656240046393,3120.1612989285654,3138.8822504277273
result-20260508-120207-gemm-flashinfer-cutlass.json,2026-05-08 19:08:06Z,gemm-flashinfer-cutlass,api,False,1,2048,32,3,3152.7454928519746,3153.397578341609,5.74478062293709,3145.406259321633,3159.4326408926822
result-20260508-120936-gemm-flashinfer-cudnn.json,2026-05-08 19:16:01Z,gemm-flashinfer-cudnn,api,False,1,2048,32,3,2558.7121950300093,3115.9469555864507,788.5736238404388,1443.5007635262452,3116.6888659773317
result-20260508-121706-gemm-flashinfer-cutlass-mbt16384.json,2026-05-08 19:24:01Z,gemm-flashinfer-cutlass-mbt16384,api,False,1,2048,32,3,2745.420566600962,2805.005457827374,110.17144839826173,2590.9531330534924,2840.3031089220194
result-20260508-122413-gemm-flashinfer-cutlass-mbt8192-nographmem.json,2026-05-08 19:30:11Z,gemm-flashinfer-cutlass-mbt8192-nographmem,api,False,1,2048,32,3,3130.770654112745,3128.4916993661163,4.433177331200381,3126.852032453625,3136.9682305184942
result-20260508-123256-fusenorm2-cutlass.json,2026-05-08 19:38:35Z,fusenorm2-cutlass,api,False,1,2048,32,3,3106.1450446208232,3103.3040160582104,6.11446515780173,3100.4926214799007,3114.638496324359
result-20260508-123848-fusenorm2-flashinfer-cutlass.json,2026-05-08 19:44:40Z,fusenorm2-flashinfer-cutlass,api,False,1,2048,32,3,3150.624359478239,3154.820739924607,8.187737856541323,3139.1799737631363,3157.872364746974
result-20260508-124513-hkv-w2-s3.json,2026-05-08 19:50:59Z,hkv-w2-s3,api,False,1,2048,32,3,3011.4100450038836,3008.6712800846317,6.2471873305934285,3005.505130291061,3020.0537246359586
result-20260508-125111-hkv-w2-s2.json,2026-05-08 19:56:50Z,hkv-w2-s2,api,False,1,2048,32,3,3019.998617538369,3018.8719085793205,6.134283226928269,3013.1126739802617,3028.0112700555246
result-20260508-125702-hkv-w4-s2.json,2026-05-08 20:02:42Z,hkv-w4-s2,api,False,1,2048,32,3,3091.6785541354257,3089.7492573453246,9.687214459649985,3080.8970735339662,3104.3893315269866
result-20260508-130358-fusedo-noh.json,2026-05-08 20:09:19Z,fusedo-noh,api,False,1,2048,32,3,3098.8431081970393,2993.286610831472,157.5212898331564,2981.7307905614234,3321.511923198223
result-20260508-131031-finalstate-direct.json,2026-05-08 20:16:09Z,finalstate-direct,api,False,1,2048,32,5,3132.9980884204597,3135.0115501949517,8.415501860049885,3120.1285548758096,3144.6362725237404
result-20260508-131704-allflashqla.json,2026-05-08 20:22:09Z,allflashqla,api,False,1,2048,32,5,3127.380886804154,3124.771057633069,8.755936754468392,3115.520414769139,3140.172116810825
result-20260508-132320-state-direct-both.json,2026-05-08 20:28:53Z,state-direct-both,api,False,1,2048,32,5,3116.0541301080475,3116.503315143224,6.532921648336267,3108.319462756907,3125.937442640411
result-20260508-133154-fusedo-directstore.json,2026-05-08 20:37:19Z,fusedo-directstore,api,False,1,2048,32,5,3259.927215046771,3327.977321999213,138.5362738868072,2982.9299010056457,3333.2864060228594
result-20260508-133749-fusedo-directstore-n30.json,2026-05-08 20:44:28Z,fusedo-directstore,api,False,1,2048,32,25,3207.131034974449,3300.2009108801694,156.75228977244072,2945.3267345929544,3321.042899812354
result-20260508-134528-fusedo-directstore-n30-rerun.json,2026-05-08 20:47:45Z,fusedo-directstore-n30-rerun,api,False,1,2048,32,26,3175.78579248771,3299.1464786801994,169.37566467295636,2943.3805005369545,3329.741090727483
result-20260508-135027-fusedo-directstore-all-n10.json,2026-05-08 20:55:43Z,fusedo-directstore-all,api,False,1,2048,32,6,3218.9564213654608,3319.868540261026,161.3643193724033,2987.7392226815628,3347.08534178244
result-20260508-140340-fusedo-sharedmanual.json,2026-05-08 21:08:59Z,fusedo-sharedmanual,api,False,1,2048,32,4,3043.4276526885037,2965.6141148659135,138.92769616514815,2958.5371904211247,3283.945190601064
result-20260508-143200-fusedo-directstore-mbt4096-n10.json,2026-05-08 21:31:50Z,fusedo-directstore-mbt4096,api,False,1,2048,32,9,3021.459115355778,3030.5353085783327,138.8807909072562,2713.1921564719514,3247.958062610738
result-20260508-143600-current-pp3072-n5.json,2026-05-08 21:39:02Z,current-pp3072,api,False,1,3072,32,5,2848.694466524043,2822.515471376821,90.14889358992309,2723.2908398985783,2977.838570764947
result-20260508-144500-fusedo-directstore-flashinfer-cutlass-n10.json,2026-05-08 21:46:05Z,fusedo-directstore-flashinfer-cutlass,api,False,1,2048,32,5,2873.0251166379394,2986.3773177243143,199.41151726948164,2494.6714702278755,3025.427781124404
result-20260508-145700-hterm-vlocal-n5.json,2026-05-08 22:02:02Z,hterm-vlocal,api,False,1,2048,32,5,2566.4179376729708,2564.029547835905,104.94524873601864,2427.7308459461146,2721.1177603495744
result-20260508-150400-hterm-vlocal-nostate-n5.json,2026-05-08 22:09:50Z,hterm-vlocal-nostate,api,False,1,2048,32,5,2752.0913505907038,2803.204820802968,165.94869394386095,2463.3653425305833,2969.990020152555
result-20260508-151700-hkvo-exp2-n5.json,2026-05-08 22:22:04Z,hkvo-exp2,api,False,1,2048,32,5,2695.1815334825674,2741.5245191170707,201.9452820257806,2418.867492730414,2950.7115198018605
result-20260508-153200-current-maxseq2-n5.json,2026-05-08 22:37:31Z,current-maxseq2,api,False,1,2048,32,5,2804.7307158836493,2836.1719401126256,135.2928898084302,2629.572492285617,3018.216353882643
result-20260508-154500-current-prepared-n5.json,2026-05-08 22:44:56Z,current-prepared,api,False,1,2048,32,5,3123.526646327312,3121.2988297091347,8.725510393849028,3112.4578900952433,3139.2244822250823
result-20260508-155000-fusedo-qkgemmv2-n5.json,2026-05-08 22:55:15Z,fusedo-qkgemmv2,api,False,1,2048,32,5,2901.7828322206406,2926.239341379113,111.7824996742899,2748.3246306342576,3027.545378714916
result-20260508-160200-fusedo-qkgemmv2-warm10-n5.json,2026-05-08 23:02:54Z,fusedo-qkgemmv2-warm10,api,False,1,2048,32,5,3143.4896754016713,3140.4911504003626,34.6181200797825,3105.089628062543,3206.8496656056445
result-20260508-160953-hkv-bk32-bv128.json,2026-05-08 23:16:10Z,hkv-bk32-bv128,api,False,1,2048,32,3,2690.8791960873714,2672.508065758286,174.35701648829632,2487.1154011310773,2913.014121372751
result-20260508-161625-hkv-bk128-bv32.json,2026-05-08 23:22:52Z,hkv-bk128-bv32,api,False,1,2048,32,3,2722.9278855256944,2722.994129821935,12.548452519010745,2707.5262175874636,2738.263309167684
result-20260508-162514-current-enforce-eager-n5.json,2026-05-08 23:30:39Z,current-enforce-eager,api,False,1,2048,32,5,2037.4899932722587,2037.8898933522066,5.484095281419277,2028.9917564533425,2046.1879747703679
result-20260508-163310-current-cgraph1-n5.json,2026-05-08 23:39:43Z,current-cgraph1,api,False,1,2048,32,5,2801.218847914635,2751.4547839056922,142.75363845344444,2595.305451847438,3007.3577154763248
result-20260508-164749-output-novarlen-entry-n5.json,2026-05-08 23:53:58Z,output-novarlen-entry,api,False,1,2048,32,5,2714.415332798253,2623.447820136962,147.50886818024347,2573.057749923277,2958.3082739975107
result-20260508-170158-output-preqk-n5.json,2026-05-09 00:08:19Z,output-preqk,api,False,1,2048,32,5,2701.299922287759,2778.6489509353673,149.90112209977488,2517.9613587892404,2868.515626243258
result-20260508-171120-fusedo-qkgemmv2-kpack2-n5.json,2026-05-09 00:17:49Z,fusedo-qkgemmv2-kpack2,api,False,1,2048,32,5,2943.8224412965797,2990.8374952244026,107.73050999950689,2751.730749061423,3053.129024719963
result-20260508-171916-fusedo-qkgemmv2-kpack4-n5.json,2026-05-09 00:25:29Z,fusedo-qkgemmv2-kpack4,api,False,1,2048,32,5,2813.4581008025657,2800.373049050145,233.34920837988653,2458.272286216669,3109.719838592263
result-20260508-172834-fusedo-qkgemmv2-fullrow-n5.json,2026-05-09 00:34:55Z,fusedo-qkgemmv2-fullrow,api,False,1,2048,32,5,2909.40404724013,2893.0444855590235,163.8751662585437,2645.470820797695,3144.967120363786
result-20260508-173615-fusedo-qkgemmv2-fullcol-n5.json,2026-05-09 00:42:31Z,fusedo-qkgemmv2-fullcol,api,False,1,2048,32,5,2903.9451063592287,2907.953332328736,131.36765797644262,2677.7415315426824,3061.889203236777
result-20260508-182700-hkvo-gqa3-entry-n3.json,2026-05-09 01:32:09Z,hkvo-gqa3-entry,api,False,1,2048,32,3,2827.9651561223886,2706.461202682105,181.6664623772807,2692.677220317555,3084.7570453675057
result-20260508-182800-current-warm10-n5.json,2026-05-09 01:16:11Z,current-warm10,api,False,1,2048,32,5,1914.015485315123,2714.498099917808,1149.1455401996263,517.0491431468953,3101.11194958346
result-20260508-183600-current-warm10-entry-n5.json,2026-05-09 01:39:24Z,current-warm10-entry,api,False,1,2048,32,5,3104.317204638218,3107.7676917993454,5.696001523043836,3093.7403770458463,3108.644431368419
result-20260508-184300-hkvo-gqa3-bv64-n3.json,2026-05-09 01:47:10Z,hkvo-gqa3-bv64,api,False,1,2048,32,3,2621.112329224524,2616.467554687715,117.35143373009682,2479.7654502948626,2767.1039826909937
result-20260508-185100-current-stages1-n3.json,2026-05-09 01:54:57Z,current-stages1,api,False,1,2048,32,3,2726.7003629972764,2687.785850114662,77.6076767220245,2657.283141973919,2835.032096903247
result-20260508-190000-fusedo-qkgemm-alias-n3.json,2026-05-09 02:04:44Z,fusedo-qkgemm-alias,api,False,1,2048,32,3,3309.202403894231,3311.3635961873965,6.926509124971274,3299.847647434273,3316.3959680610237
result-20260508-190600-fusedo-qkgemm-alias-n30.json,2026-05-09 02:12:44Z,fusedo-qkgemm-alias,api,False,1,2048,32,30,3110.205760668551,3196.971109787424,188.32187276423898,2432.965413074335,3244.0552769782885
result-20260508-191600-fusedo-qkgemm-alias-warm10-n5.json,2026-05-09 02:20:37Z,fusedo-qkgemm-alias-warm10,api,False,1,2048,32,5,3166.9443018154234,3147.0758960575463,31.145725023381214,3134.720429039392,3210.6698119666607
result-20260508-192400-fusedo-qkgemm-alias-kpack2-n3.json,2026-05-09 02:28:11Z,fusedo-qkgemm-alias-kpack2,api,False,1,2048,32,3,3318.3182562658526,3313.2250553105623,7.479085098367267,3312.83680910508,3328.8929043819153
result-20260508-192900-fusedo-qkgemm-alias-kpack2-n30.json,2026-05-09 02:36:28Z,fusedo-qkgemm-alias-kpack2,api,False,1,2048,32,30,3101.5549406711666,3175.794603026653,170.74498887138066,2504.0738105078703,3242.272875994507
result-20260508-194000-fusedo-qkgemm-alias-kpack2-warm10-n5.json,2026-05-09 02:44:12Z,fusedo-qkgemm-alias-kpack2-warm10,api,False,1,2048,32,5,3181.355057003674,3192.387734378997,36.37096790201688,3139.633569079812,3236.1155679968606
result-20260508-194800-alias-kpack2-nographmem-n5.json,2026-05-09 02:51:23Z,alias-kpack2-nographmem,api,False,1,2048,32,5,3300.7450614768495,3299.8356861364387,9.219331071412519,3288.21318811257,3316.6239608565875
result-20260508-200800-alias-kpack2-nographmem-n30.json,2026-05-09 03:08:53Z,alias-kpack2-nographmem,api,False,1,2048,32,30,3299.6021774717733,3300.9583783223393,14.148919976085153,3260.743911812287,3325.6454750646003
result-20260508-201500-alias-kpack2-nographmem-n30.json,2026-05-09 03:17:46Z,alias-kpack2-nographmem,api,False,1,2048,32,30,3126.936521671043,3183.4029181365177,141.52951783587724,2645.176026120046,3282.7468948753967
result-20260508-202200-alias-kpack2-nographmem-warm10-n30.json,2026-05-09 03:27:04Z,alias-kpack2-nographmem-warm10,api,False,1,2048,32,30,3198.074566679262,3201.343358241981,32.99081817671854,3125.488159794536,3269.9677319555553
result-20260508-203300-alias-kpack2-nographmem-gpu9033-n5.json,2026-05-09 03:34:27Z,alias-kpack2-nographmem-gpu9033,api,False,1,2048,32,5,3002.885151361747,3003.1957344593525,121.90605583651165,2817.085737441213,3188.0559392355212
result-20260508-204000-alias-nographmem-n5.json,2026-05-09 03:41:39Z,alias-nographmem,api,False,1,2048,32,5,2908.706051524573,2915.042671978418,129.41253759441963,2701.63891538068,3090.7461837183378
result-20260508-204700-alias-kpack2-fullrow-n3.json,2026-05-09 03:51:32Z,alias-kpack2-fullrow,api,False,1,2048,32,3,2879.4528010713634,2916.3457253808347,82.02206399335914,2765.7665752959747,2956.2461025372795
result-20260508-205500-alias-kpack2-preheated-nographmem-n30.json,2026-05-09 04:04:33Z,alias-kpack2-preheated-nographmem,api,False,1,2048,32,30,3094.7087908589215,3153.4667923418997,146.64488209594728,2686.810638490207,3287.1473390171172
result-20260508-211000-alias-kpack2-shortfast-nograph-n5.json,2026-05-09 04:13:17Z,alias-kpack2-shortfast-nograph,api,False,1,2048,32,5,2943.935571306802,2950.744344432234,79.06825225594893,2819.1093010630466,3067.3515520481055
result-20260508-212400-alias-kpack2-fstateempty-nograph-n3.json,2026-05-09 04:28:17Z,alias-kpack2-fstateempty-nograph,api,False,1,2048,32,3,2837.6189275615325,2797.007111053303,65.47402052192382,2785.8604110633164,2929.9892605679784
result-20260509-000500-alias-kpack2-nograph-latgen-n5.json,2026-05-09 04:38:30Z,alias-kpack2-nograph,generation,False,1,2048,32,5,4061.857576411128,4054.9873571719213,12.643501254454074,4051.7490118513897,4085.7665639973507
result-20260509-001200-alias-kpack2-nograph-latgen-n30.json,2026-05-09 04:46:11Z,alias-kpack2-nograph,generation,False,1,2048,32,30,4047.520674707703,4049.2357036414114,22.055347776416454,3986.107348043313,4092.352168408667
result-20260509-002100-alias-kpack2-script-latgen-n30.json,2026-05-09 04:55:10Z,alias-kpack2-script,generation,False,1,2048,32,30,3793.9857232864,3835.4363443561556,159.59714887515514,3300.877964864306,4010.5103719528033
result-20260509-022259-bdv128-api-n3.json,2026-05-09 09:28:13Z,bdv128,api,False,1,2048,32,3,3290.418327776346,3286.163633727916,9.288238495270285,3281.7832287294664,3303.308120871656
result-20260509-022819-wgwait1-api-n3.json,2026-05-09 09:34:09Z,wgwait1,api,False,1,2048,32,3,2761.7725438631737,2800.277039471245,105.65786664625456,2617.486580446778,2867.5540116714988
result-20260509-023415-wgwait2-api-n3.json,2026-05-09 09:39:49Z,wgwait2,api,False,1,2048,32,3,2814.2115875752947,2829.362483558484,56.06524245294268,2739.2358066457928,2874.036472521608
result-20260509-024218-bdv128cap-api-n3.json,2026-05-09 09:47:48Z,bdv128cap,api,False,1,2048,32,3,2865.9900268225215,2921.626456065904,112.80504322462865,2708.688579807018,2967.655044594643
result-20260509-024832-alias-kpack2-nograph-lock3003-api-n5.json,2026-05-09 09:54:05Z,alias-kpack2-nograph-lock3003,api,False,1,2048,32,5,2981.2890162104086,3002.0139108067306,99.677322793733,2807.8550321021617,3105.943071345131
result-20260509-025649-alias-kpack2-fsdirect-api-n3.json,2026-05-09 10:02:19Z,alias-kpack2-fsdirect,api,False,1,2048,32,3,2844.7258634362624,2850.06662536143,62.70523292327979,2765.3969764193066,2918.7139885280503
result-20260509-030454-alias-kpack2-ohgemm-api-n3.json,2026-05-09 10:10:25Z,alias-kpack2-ohgemm,api,False,1,2048,32,3,2877.248744181408,2864.5327777144985,77.83979467899296,2788.911011560812,2978.302443268912
result-20260509-031112-alias-kpack2-nograph-api-n30-fresh.json,2026-05-09 10:18:05Z,alias-kpack2-nograph-n30,api,False,1,2048,32,30,3153.1254690213605,3188.448311770515,104.1187420767707,2852.9303587219115,3281.608826555197
result-20260509-031955-alias-kpack2-localgemm-api-n3.json,2026-05-09 10:25:33Z,alias-kpack2-localgemm,api,False,1,2048,32,3,2848.995514190594,2919.578640166935,128.78419246477716,2668.3025444390664,2959.1053579657796
result-20260509-033124-alias-kpack2-nograph-compilesize1-api-n3-rerun.json,2026-05-09 10:37:41Z,alias-kpack2-nograph-compilesize1-n3-rerun,api,False,1,2048,32,3,2845.8646434346033,2835.3873800796405,59.96587935920726,2778.2230291916185,2923.98352103255
result-20260509-034001-alias-kpack2-nobaro-api-n5.json,2026-05-09 10:44:59Z,alias-kpack2-nobaro,api,False,1,2048,32,5,3304.466540261601,3306.720614810342,6.022228087893515,3295.80124978002,3312.3023095631684
result-20260509-034541-alias-kpack2-nobaro-api-n30.json,2026-05-09 10:51:48Z,alias-kpack2-nobaro,api,False,1,2048,32,30,3315.9676412971107,3315.4980176408326,10.305973182328897,3294.5744437385347,3340.3987329331135
result-20260509-1202-nobaro2-api-n3.json,2026-05-09 19:02:02Z,nobaro2,api,False,1,2048,32,3,3302.703747246329,3305.1302242613797,3.7732196791160844,3297.3746932555878,3305.6063242220184
result-20260509-1212-fastpack-api-n3.json,2026-05-09 19:09:00Z,fastpack,api,False,1,2048,32,3,3317.9037704389825,3306.5319566605067,17.418737357152498,3304.665354217025,3342.5140004394166
result-20260509-1220-metanosync-api-n3.json,2026-05-09 19:15:44Z,metanosync,api,False,1,2048,32,3,3334.843642270322,3334.9470555273283,12.08844721876476,3319.986942784171,3349.5969284994662
result-20260509-1230-singlechunk-api-n3.json,2026-05-09 19:22:36Z,singlechunk,api,False,1,2048,32,3,3297.642786282646,3297.5329481627236,0.9017789186856437,3296.5973601613855,3298.798050523829
result-20260509-1240-metafallback-api-n3.json,2026-05-09 19:30:43Z,metafallback,api,False,1,2048,32,3,3309.495429724753,3316.311210332313,13.652610186182025,3290.443067605793,3321.732011236154
result-20260509-1312-fullnonvarlen-api-n3.json,2026-05-09 19:45:36Z,fullnonvarlen,api,False,1,2048,32,3,3041.7371624699226,2936.240299490756,179.84874141356562,2894.058141727454,3294.9130461915584
result-20260509-1322-preopsdense-api-n3.json,2026-05-09 19:51:58Z,preopsdense,api,False,1,2048,32,3,3294.9602255245754,3298.7834618766497,6.121230128059821,3286.322439400283,3299.7747752967935
result-20260509-1330-kktalias-api-n3.json,2026-05-09 19:58:48Z,kktalias,api,False,1,2048,32,3,3309.2066419425823,3306.9083663817128,6.953885264781235,3302.0748843910887,3318.6366750549446
result-20260509-1342-kktv1k2-api-n3.json,2026-05-09 20:05:06Z,kktv1k2,api,False,1,2048,32,3,3321.042876179647,3326.811577436889,9.453341361650823,3307.7139069029677,3328.6031441990845
result-20260509-1420-metanobaro2-api-n3.json,2026-05-09 20:20:14Z,metanobaro2,api,False,1,2048,32,3,3287.758774158718,3288.801252688982,1.946428051736772,3285.0312252765257,3289.443844510648
result-20260509-1434-cumsumfold-api-n3.json,2026-05-09 20:28:51Z,cumsumfold,api,False,1,2048,32,3,3281.6315507395884,3280.9508120513246,8.65208526138224,3271.3917350577362,3292.5521051097053
result-20260509-1512-abeta-api-n3.json,2026-05-09 20:38:38Z,abeta,api,False,1,2048,32,3,3327.615567446981,3328.806695359447,9.124076032226489,3315.893051712076,3338.1469552694193
result-20260509-1522-abetafold-api-n3.json,2026-05-09 20:45:53Z,abetafold,api,False,1,2048,32,3,3313.1474153018576,3310.7418050511137,4.237464913502619,3309.5969118078697,3319.10352904659
result-20260509-1530-noinit-api-n3.json,2026-05-09 20:53:24Z,noinit,api,False,1,2048,32,3,3302.9849736624833,3300.363995987307,4.195944317280505,3299.684954926035,3308.905970074108
result-20260509-1615-bdv32-api-n3.json,2026-05-09 21:08:47Z,bdv32,api,False,1,2048,32,3,3264.5176009278753,3267.406704922942,8.64013349716023,3252.791139144101,3273.3549587165826
result-20260509-1637-noprefillstate2-api-n3.json,2026-05-09 21:19:01Z,noprefillstate2,api,False,1,2048,32,3,2746.6140849058193,2734.037196416756,53.78543128385526,2687.935804324978,2817.869253975724
result-20260509-1754-pgkpack2-api-n3.json,2026-05-09 21:49:52Z,pgkpack2,api,False,1,2048,32,3,3304.1607809455422,3305.0163130874603,6.237692597423617,3296.1294458457955,3311.336583903371
result-20260509-1811-onreg160-api-n3.json,2026-05-09 21:57:34Z,onreg160,api,False,1,2048,32,3,3285.0147291199996,3287.6937311927236,5.695874005162936,3277.0963465719524,3290.2541095953225
result-20260509-1823-onreg96-api-n3.json,2026-05-09 22:03:57Z,onreg96,api,False,1,2048,32,3,3286.8000518682716,3295.995097194494,17.295362882066907,3262.5739092353283,3301.8311491749932
result-20260509-1838-vdkpack2-api-n3.json,2026-05-09 22:11:17Z,vdkpack2,api,False,1,2048,32,3,3306.524794731658,3316.7905708580324,14.963159266514163,3285.3667831667635,3317.4170301701784
result-20260509-1848-statekpack2-api-n3.json,2026-05-09 22:18:15Z,statekpack2,api,False,1,2048,32,3,3299.9836434499825,3302.113167522668,4.911822812297648,3293.1928137903046,3304.6449490369737
result-20260509-1918-norawdummy-api-n3.json,2026-05-09 22:32:00Z,norawdummy,api,False,1,2048,32,3,3283.1161467685583,3286.2116923665585,5.180316409871773,3275.8180074379707,3287.3187405011467
result-20260509-1943-noharg2-api-n3.json,2026-05-09 22:45:13Z,noharg2,api,False,1,2048,32,3,3301.3937632794627,3305.3693270525164,7.290295664766028,3291.167730010856,3307.6442327750165
result-20260509-2000-oonly-api-n3.json,2026-05-09 22:55:35Z,oonly,api,False,1,2048,32,3,2860.211259542273,2844.053194783533,27.872947257018684,2837.1528628269334,2899.427721016353
result-20260509-2140-emptyout-api-n3.json,2026-05-09 23:29:56Z,emptyout,api,False,1,2048,32,3,3345.5564878925347,3355.934922704207,14.821328003400037,3324.5962935410093,3356.1382474323873
result-20260509-2150-directfq-api-n3.json,2026-05-09 23:38:12Z,directfq,api,False,1,2048,32,3,3327.549585748551,3322.460036653107,8.21587430797214,3321.0487396171598,3339.1399809753857
result-20260509-2200-baview-api-n3.json,2026-05-09 23:46:11Z,baview,api,False,1,2048,32,3,2951.9545368427775,2885.1669177424346,150.17513340180653,2810.753339335026,3159.943353450872
result-20260509-2210-emptyoutcg0-api-n3.json,2026-05-09 23:53:08Z,emptyoutcg0,api,False,1,2048,32,3,2892.1046432455064,2918.829585886613,38.86585835365456,2837.146913794108,2920.3374300558
result-20260510-0014-outbuf2-api-n3.json,2026-05-10 00:07:27Z,outbuf2,api,False,1,2048,32,3,2907.1340870506433,2987.4482535756665,150.4311534839259,2696.3706618799256,3037.5833456963387
result-20260510-0026-nogfrag-api-n3.json,2026-05-10 00:16:48Z,nogfrag,api,False,1,2048,32,3,2921.23512215884,2948.2730591575523,43.0582749640374,2860.464327912131,2954.9679794068375
result-20260510-0040-gcumsum-api-n3.json,2026-05-10 00:26:01Z,gcumsum,api,False,1,2048,32,3,3045.580492376663,2916.7693460929386,194.23273092937848,2899.8782429815456,3320.093888055506
result-20260510-0112-statecache3-api-n3.json,2026-05-10 00:47:39Z,statecache3,api,False,1,2048,32,3,2951.4515240064234,2993.5825710131026,128.79183881224677,2776.926762346659,3083.845238659509
result-20260510-0215-abetaempty-api-n3.json,2026-05-10 01:09:59Z,abetaempty,api,False,1,2048,32,3,3339.6303556185394,3333.235400425842,11.773250664678871,3329.5145857567136,3356.1410806730623
result-20260510-0218-zerostate-api-n3.json,2026-05-10 02:20:59Z,zerostate,api,False,1,2048,32,3,2789.2409015379144,2704.979977365046,198.56111571684994,2599.3910896672055,3063.351637581491
result-20260510-0228-postconvbt32-api-n3.json,2026-05-10 02:29:12Z,postconvbt32,api,False,1,2048,32,3,2854.3225155313316,2840.1705505092323,28.019769554351765,2829.3445958879097,2893.4524001968525
result-20260510-0230-nooshared64-api-n3.json,2026-05-10 01:19:03Z,nooshared64,api,False,1,2048,32,3,3346.9146068803807,3343.871866330839,4.703358105799844,3343.3136082043425,3353.558346105962
result-20260510-0232-postconvbt8-api-n3.json,2026-05-10 02:35:44Z,postconvbt8,api,False,1,2048,32,3,2628.70784945775,2626.9554612026122,118.2874579296777,2484.7200352645827,2774.4480519060553
result-20260510-0238-noovn64-api-n3.json,2026-05-10 01:27:03Z,noovn64,api,False,1,2048,32,3,2732.632697996565,2708.787026753867,108.24745499468757,2613.598268674425,2875.5127985614035
result-20260510-0255-abetanooshared64-api-n3.json,2026-05-10 01:35:22Z,abetanooshared64,api,False,1,2048,32,3,2890.3566140646994,2897.608065767143,276.6665535150753,2547.943144800259,3225.5186316266945
result-20260510-0339-pgsharedfill-api-n3.json,2026-05-10 01:44:17Z,pgsharedfill,api,False,1,2048,32,3,2703.3944074300257,2680.900154684607,144.7424516558945,2538.442576904269,2890.8404907012005
result-20260510-0350-statevh-api-n3.json,2026-05-10 01:53:08Z,statevh,api,False,1,2048,32,3,2715.4837878675453,2761.3083853653848,151.5343543890041,2511.2731975153697,2873.8697807218814
result-20260510-0410-metanobaro2emptyfast-api-n3.json,2026-05-10 02:01:56Z,metanobaro2emptyfast,api,False,1,2048,32,3,2840.535347722551,2838.1595350417506,99.52638292555874,2719.846193124697,2963.600315001204
result-20260510-0500-norminplace-api-n3.json,2026-05-10 03:04:50Z,norminplace,api,False,1,2048,32,3,2861.17743414655,2853.418048615291,179.90433644071192,2644.8227078097325,3085.2915460146264
result-20260510-0520-mambanorminplace2-api-n3.json,2026-05-10 03:15:00Z,mambanorminplace2,api,False,1,2048,32,3,3108.4516776757173,3108.6231467001217,2.407435353908051,3105.4211908385955,3111.3106954884356
result-20260510-0530-norstd-api-n3.json,2026-05-10 03:21:44Z,norstd,api,False,1,2048,32,3,3320.87508731547,3320.273206651991,8.280533047308019,3311.0478912899357,3331.304164004484
result-20260510-0600-convprep2-api-n3.json,2026-05-10 03:40:34Z,convprep2,api,False,1,2048,32,3,2916.4683091963548,2759.5745543461258,247.20296220018156,2724.356100565274,3265.474272677665
result-20260510-0615-convprep2bt8-api-n3.json,2026-05-10 03:47:30Z,convprep2bt8,api,False,1,2048,32,3,2850.1600542766314,2854.888730224233,149.66617756021006,2664.538583355533,3031.0528492501276
result-20260510-0632-zerobuf-api-n3.json,2026-05-10 03:59:27Z,zerobuf,api,False,1,2048,32,3,2769.724794783431,2765.019046860261,40.04459519750879,2723.2028658383933,2820.9524716516385
result-20260510-0648-beta16-api-n3.json,2026-05-10 04:07:15Z,beta16,api,False,1,2048,32,3,2921.440971567135,2943.168120012473,55.62404340628708,2845.102214468643,2976.0525802202887
result-20260510-0712-nobar2-api-n3.json,2026-05-10 04:14:45Z,nobar2,api,False,1,2048,32,3,2661.446951219464,2767.7310277135257,173.51042829835717,2416.7675160879803,2799.8423098568855
result-20260510-0726-notocast-api-n3.json,2026-05-10 04:22:48Z,notocast,api,False,1,2048,32,3,2787.798582475396,2806.4386588296898,34.642958854848494,2739.240647279453,2817.7164413170453
result-20260510-0742-g16-api-n3.json,2026-05-10 04:30:51Z,g16,api,False,1,2048,32,3,2932.3452577538724,2952.512843616965,150.58802717408804,2738.658408604253,3105.8645210403993
result-20260510-0800-nooshared64-api-n30.json,2026-05-10 04:40:28Z,nooshared64,api,False,1,2048,32,30,3154.5579885006637,3189.586323974003,110.67839784519903,2760.073312717893,3282.0000615346976
result-20260510-0820-emptyout-api-n30.json,2026-05-10 04:50:21Z,emptyout,api,False,1,2048,32,30,3160.151508281995,3194.9277120578754,124.77475906399603,2715.1273084763857,3326.6834006570925
result-20260510-0840-abetaempty-api-n30.json,2026-05-10 04:59:28Z,abetaempty,api,False,1,2048,32,30,3160.3113563732086,3201.556724071793,127.40104994926861,2762.222594927209,3279.394914491987
result-20260510-0905-metanosync-api-n30.json,2026-05-10 05:08:46Z,metanosync,api,False,1,2048,32,30,3108.6133118011303,3153.3567926654723,132.61288748938892,2678.8000905098934,3297.694373828034
result-20260510-0920-abeta-api-n30.json,2026-05-10 05:17:05Z,abeta,api,False,1,2048,32,30,3309.443456540772,3308.529754191931,10.815156952917619,3284.099698335064,3328.6495701217027
result-20260510-0940-kktv1k2-api-n30.json,2026-05-10 05:25:26Z,kktv1k2,api,False,1,2048,32,30,3278.1028942372063,3275.1690448350178,11.119667797546358,3256.184576064613,3306.485332927873
result-20260510-1000-directfq-api-n30.json,2026-05-10 05:35:00Z,directfq,api,False,1,2048,32,30,3188.2412710228737,3225.5262382123256,115.04435063867246,2861.9516644326773,3346.6589515788946
result-20260510-1020-norstd-api-n30.json,2026-05-10 05:44:34Z,norstd,api,False,1,2048,32,30,3128.772365490539,3193.9440778090557,219.9741000649034,2166.517141797164,3328.7667083082324
result-20260510-1040-fastpack-api-n30.json,2026-05-10 05:53:52Z,fastpack,api,False,1,2048,32,30,3157.144602775283,3193.308687812688,108.10369947195684,2752.125918429252,3298.18305918555
result-20260510-1100-kktalias-api-n30.json,2026-05-10 06:04:27Z,kktalias,api,False,1,2048,32,30,3151.2611571634275,3202.1917894109283,123.11164011701221,2756.233819444518,3255.0683054667884
result-20260510-1120-vdkpack2-api-n30.json,2026-05-10 06:15:28Z,vdkpack2,api,False,1,2048,32,30,3133.1155236163145,3191.1889857868937,128.39845302065126,2682.9684688583457,3250.6825172598346
result-20260510-1135-pgkpack2-api-n30.json,2026-05-10 06:24:07Z,pgkpack2,api,False,1,2048,32,30,3130.5258397650023,3180.7793577793764,157.39853725673075,2601.4307673669714,3305.577000043779
result-20260510-1150-noinit-api-n30.json,2026-05-10 06:32:57Z,noinit,api,False,1,2048,32,30,3101.7531739122633,3161.2171930604823,164.8260926611774,2522.525351643098,3287.8748213979097
result-20260510-1205-nobaro2-api-n30.json,2026-05-10 06:43:58Z,nobaro2,api,False,1,2048,32,30,3136.9122274801066,3170.3116624448394,109.47572351726417,2790.0596488848346,3308.412857264249
result-20260510-1220-noharg2-api-n30.json,2026-05-10 06:52:57Z,noharg2,api,False,1,2048,32,30,3108.018021670389,3167.6657731316755,180.76372496548066,2540.8912127697904,3271.633683442767
result-current-default-n5-20260508-101421.json,2026-05-08 17:20:07Z,n5-20260508-101421,api,False,1,2048,32,5,3134.714362794829,3139.937927930884,10.092503222567467,3116.6129655835643,3143.5868854758937
result-flashqla-hkv-paired-n30-20260506-194809.json,2026-05-06 20:00:29Z,paired-n30-20260506-194809,api,False,1,2048,32,30,3000.3639637365927,2999.3633113937403,11.120072899375826,2984.592594715281,3026.4905155994907
result-flashqla-hkv-pp2048-tg32-c1-20260506-1537.json,2026-05-06 15:37:39Z,pp2048-tg32-c1-20260506-1537,api,False,1,2048,32,5,3021.3447782887856,3016.3052635180075,13.620577410358337,3009.5596233939877,3047.8716379015254
result-flashqla-hkv-pp2048-tg32-c1-n30-20260506-163233.json,2026-05-06 16:39:04Z,pp2048-tg32-c1-n30-20260506-163233,api,False,1,2048,32,30,3030.6261149502925,3028.046232441827,12.611451086592032,3004.0037645488146,3065.9758685018846
result-flashqla-hkv-pp2048-tg32-c1-public-clone-n30-20260506-1745.json,2026-05-06 17:47:58Z,pp2048-tg32-c1-public-clone-n30-20260506-1745,api,False,1,2048,32,30,3006.577646660589,3006.5436170455578,8.441716497550306,2989.338479284172,3029.987154195107
result-flashqla-v2-bk128-bv128-noprefix-pp2048-tg32-c1-n30-20260506-161035.json,2026-05-06 23:17:03Z,bk128-bv128-noprefix-pp2048-tg32-c1-n30-20260506-161035,api,False,1,2048,32,30,3132.1001930490224,3131.063459127937,6.721998689473538,3117.894645909105,3151.8750520786507
result-tune-20260508-102040-bk64-bv128-w4-s3.json,2026-05-08 17:27:03Z,102040-bk64-bv128-w4-s3,api,False,1,2048,32,3,2606.3880372432322,2597.2877174737787,135.07127151032097,2445.698187698667,2776.178206557251
result-tune-20260508-102715-bk128-bv64-w4-s3.json,2026-05-08 17:33:57Z,102715-bk128-bv64-w4-s3,api,False,1,2048,32,3,2616.928497116544,2534.8125506365855,146.6258696580224,2493.0881775220237,2822.8847631910235
result-tune-20260508-103410-bk64-bv64-w4-s3.json,2026-05-08 17:40:45Z,103410-bk64-bv64-w4-s3,api,False,1,2048,32,3,2608.012374015794,2629.947731178279,118.29507947279902,2453.4142013853098,2740.6751894837944
result-tune-20260508-104057-bk128-bv128-w8-s3.json,2026-05-08 17:47:21Z,104057-bk128-bv128-w8-s3,api,False,1,2048,32,3,2398.091156448611,2391.6516936265457,44.429563321625096,2347.1825299097864,2455.439245809501
result-tune-20260508-104732-bk128-bv128-w4-s4.json,2026-05-08 17:53:56Z,104732-bk128-bv128-w4-s4,api,False,1,2048,32,3,2734.981686781351,2691.840849488078,274.9484656439842,2421.8893807958616,3091.214830060114
